{
  "beta_mu": [
    -0.39593419432640076,
    0.4328130781650543,
    0.07529682666063309,
    -0.03891196846961975,
    0.41810327768325806,
    -0.36495697498321533,
    0.21214108169078827,
    -0.7400074601173401,
    0.2556699812412262,
    -0.7529919743537903,
    -0.1891983598470688,
    0.7457166314125061,
    -0.04638349264860153,
    -0.025759968906641006,
    0.49202316999435425,
    -1.6540166139602661,
    0.7378770709037781,
    0.3458773195743561,
    -0.4137546718120575,
    0.6600297093391418,
    0.27631425857543945,
    0.8133872151374817,
    -0.3130658268928528,
    0.018149258568882942,
    -0.4010542929172516,
    0.23982396721839905,
    -0.06358488649129868,
    0.038447845727205276
  ],
  "beta_std": [
    0.0673958957195282,
    0.15714281797409058,
    0.12606970965862274,
    1.002634882926941,
    0.16617350280284882,
    0.9022790193557739,
    0.33554694056510925,
    0.5485274791717529,
    0.8196795582771301,
    0.40050962567329407,
    0.9167287945747375,
    0.6712247133255005,
    0.9707778096199036,
    0.9946688413619995,
    0.9137697815895081,
    0.236507385969162,
    0.8549959063529968,
    0.9849151372909546,
    0.4708576500415802,
    0.4157464802265167,
    0.7906796336174011,
    0.774881899356842,
    0.7861707210540771,
    0.17838072776794434,
    0.3613995313644409,
    0.9337441325187683,
    0.7326103448867798,
    0.12661565840244293
  ],
  "gamma_mu": [
    0.9388073086738586
  ],
  "gamma_std": [
    0.06801092624664307
  ]
}