{
  "metrics": {
    "A": {
      "JS": {
        "Merit": {
          "mean": 0.2908769112213606,
          "q_low": -0.32721941181474995,
          "q_high": 0.7516365462439211
        },
        "Pop": {
          "mean": 0.718099712041168,
          "q_low": 0.32003539215939,
          "q_high": 0.9545454545454546
        },
        "SkillWin": {
          "mean": 25.969356345948633,
          "q_low": 19.155421026277022,
          "q_high": 31.917557288321152
        },
        "PopWin": {
          "mean": 0.21510644996134634,
          "q_low": 0.008455059859476071,
          "q_high": 0.4675043010496649
        },
        "H_win": {
          "mean": 1.8196827570497474,
          "q_low": 1.5135161757713107,
          "q_high": 2.221164228332427
        },
        "Div": {
          "mean": 0.8599621212121212,
          "q_low": NaN,
          "q_high": NaN
        },
        "Regret_S": {
          "mean": 6.293831065802567,
          "q_low": 0.0,
          "q_high": 20.17727538314245
        },
        "Regret_F": {
          "mean": 0.12790799416494186,
          "q_low": 0.0,
          "q_high": 0.3760090761541718
        },
        "Margin": {
          "mean": 1.1389617552325582,
          "q_low": 1.0000009999999993,
          "q_high": 2.000001000000001
        },
        "Cap_win_1": {
          "mean": 0.10696428571428572,
          "q_low": 0.0,
          "q_high": 1.0
        },
        "Cap_final_1": {
          "mean": 0.29464285714285715,
          "q_low": 0.0,
          "q_high": 1.0
        },
        "Cap_win_2": {
          "mean": 0.3105357142857143,
          "q_low": 0.0,
          "q_high": 1.0
        },
        "Cap_final_2": {
          "mean": 0.399375,
          "q_low": 0.0,
          "q_high": 1.0
        },
        "Cap_win_3": {
          "mean": 0.445,
          "q_low": 0.0,
          "q_high": 1.0
        },
        "Cap_final_3": {
          "mean": 0.40023809523809517,
          "q_low": 0.0,
          "q_high": 0.6666666666666666
        },
        "ExoPop": {
          "mean": 0.07023535187125735,
          "q_low": -0.6,
          "q_high": 0.6666666666666666
        }
      },
      "P": {
        "Merit": {
          "mean": 0.46937856906158293,
          "q_low": -0.1258903981454927,
          "q_high": 0.8374687425355412
        },
        "Pop": {
          "mean": 0.9194607374450277,
          "q_low": 0.8181818181818182,
          "q_high": 0.9842396880153764
        },
        "SkillWin": {
          "mean": 27.06518963337655,
          "q_low": 21.584250275934483,
          "q_high": 32.07454072991506
        },
        "PopWin": {
          "mean": 0.2750220048714135,
          "q_low": 0.1289618539939961,
          "q_high": 0.4684064595599065
        },
        "H_win": {
          "mean": 1.0301158682429112,
          "q_low": 0.6683963165437257,
          "q_high": 1.3662029646447358
        },
        "Div": {
          "mean": 0.8230492424242424,
          "q_low": NaN,
          "q_high": NaN
        },
        "Regret_S": {
          "mean": 5.197997778374647,
          "q_low": 0.0,
          "q_high": 17.511175982033183
        },
        "Regret_F": {
          "mean": 0.05166254421237329,
          "q_low": 0.0,
          "q_high": 0.20899790300511456
        },
        "Margin": {
          "mean": 0.06138016353054306,
          "q_low": 7.620015332407346e-05,
          "q_high": 0.3409029165031486
        },
        "Cap_win_1": {
          "mean": 0.20517857142857143,
          "q_low": 0.0,
          "q_high": 1.0
        },
        "Cap_final_1": {
          "mean": 0.4542857142857143,
          "q_low": 0.0,
          "q_high": 1.0
        },
        "Cap_win_2": {
          "mean": 0.47160714285714284,
          "q_low": 0.0,
          "q_high": 1.0
        },
        "Cap_final_2": {
          "mean": 0.5248214285714285,
          "q_low": 0.0,
          "q_high": 1.0
        },
        "Cap_win_3": {
          "mean": 0.6678571428571428,
          "q_low": 0.0,
          "q_high": 1.0
        },
        "Cap_final_3": {
          "mean": 0.5580952380952381,
          "q_low": 0.3333333333333333,
          "q_high": 1.0
        },
        "ExoPop": {
          "mean": 0.07236474157948647,
          "q_low": -0.6,
          "q_high": 0.6322217654272672
        }
      },
      "R": {
        "Merit": {
          "mean": 0.4735193650193189,
          "q_low": -0.12915160805705175,
          "q_high": 0.8391608391608392
        },
        "Pop": {
          "mean": 0.9195302334680099,
          "q_low": 0.8181818181818182,
          "q_high": 0.9842396880153764
        },
        "SkillWin": {
          "mean": 27.070997907722038,
          "q_low": 21.584250275934483,
          "q_high": 32.07454072991506
        },
        "PopWin": {
          "mean": 0.27485086505008177,
          "q_low": 0.12864357770893445,
          "q_high": 0.4684819198655952
        },
        "H_win": {
          "mean": 1.0251908360569013,
          "q_low": 0.6599889744992139,
          "q_high": 1.3669218046068807
        },
        "Div": {
          "mean": 0.8250378787878788,
          "q_low": NaN,
          "q_high": NaN
        },
        "Regret_S": {
          "mean": 5.192189504029159,
          "q_low": 0.0,
          "q_high": 17.511175982033183
        },
        "Regret_F": {
          "mean": 0.05171157345791208,
          "q_low": 0.0,
          "q_high": 0.2089952226688844
        },
        "Margin": {
          "mean": 1.0875736813517443,
          "q_low": 1.0000009999999993,
          "q_high": 1.0000019999999985
        },
        "Cap_win_1": {
          "mean": 0.20357142857142857,
          "q_low": 0.0,
          "q_high": 1.0
        },
        "Cap_final_1": {
          "mean": 0.45267857142857143,
          "q_low": 0.0,
          "q_high": 1.0
        },
        "Cap_win_2": {
          "mean": 0.4705357142857143,
          "q_low": 0.0,
          "q_high": 1.0
        },
        "Cap_final_2": {
          "mean": 0.5244642857142857,
          "q_low": 0.0,
          "q_high": 1.0
        },
        "Cap_win_3": {
          "mean": 0.6683928571428571,
          "q_low": 0.0,
          "q_high": 1.0
        },
        "Cap_final_3": {
          "mean": 0.5583928571428571,
          "q_low": 0.3333333333333333,
          "q_high": 1.0
        },
        "ExoPop": {
          "mean": 0.07974475953358556,
          "q_low": -0.6,
          "q_high": 0.6428571428571429
        }
      },
      "consistency_P_R": {
        "W": {
          "mean": 0.9676785714285714,
          "q_low": 1.0,
          "q_high": 1.0
        },
        "Jaccard": {
          "mean": 0.9678235294117646,
          "q_low": 0.5,
          "q_high": 1.0
        },
        "Spearman": {
          "mean": 0.9560836587139462,
          "q_low": 0.7181818181818181,
          "q_high": 1.0
        }
      },
      "ATE_group": {
        "controversy": {
          "ATE_T": -0.002857142857142857,
          "ATE_pi": 0.002728571428571426
        },
        "skill_top": {
          "ATE_T": 0.014558823529411768,
          "ATE_pi": -0.01884191176470588
        },
        "pop_top": {
          "ATE_T": 0.0053308823529411775,
          "ATE_pi": -0.005073529411764706
        }
      },
      "ATE_group_exo": {
        "controversy_exo": {
          "ATE_T": 0.0006172839506172786,
          "ATE_pi": -0.0013271604938271614
        }
      },
      "ATE_group_quad": {
        "G1_highS_highP": {
          "ATE_T": 0.02605263157894737,
          "ATE_pi": -0.03063157894736842
        },
        "G2_highS_lowP": {
          "ATE_T": 0.0028846153846153813,
          "ATE_pi": -0.0026282051282051255
        },
        "G3_lowS_highP": {
          "ATE_T": -0.0308125,
          "ATE_pi": 0.037
        },
        "G4_lowS_lowP": {
          "ATE_T": -0.06396551724137932,
          "ATE_pi": 0.07202586206896551
        }
      },
      "IR": 0.500126213369438
    }
  },