{
  "couple_Jz_Pcele_corr": 0.09075977194429712,
  "couple_Jz_Pcele_spearman": 0.05478577180611236,
  "pro_Jz_Pcele_corr": -0.06438046619536751,
  "u_pro_Pcele_corr": -0.14506556345637595,
  "u_pro_Jz_corr": 0.44663153946713713,
  "v_celeb_Pcele_corr": -0.07580800350808858,
  "multi_pro_count": 40,
  "multi_pro_Jz_Pcele_corr": 0.07163613073284379
}