{
  "pro": 0.12988750636577606,
  "celeb": 0.17569990456104279,
  "season": 0.10255157202482224,
  "resid": 0.374942421913147
}