{
  "r2": 0.6243652506599489,
  "rmse": 0.6128904819488525,
  "n_obs": 2249
}