{
  "r2_median": 0.6467823355649724,
  "r2_q05": 0.6442591081399032,
  "r2_q95": 0.6485620616263817,
  "n_k": 50
}