{
  "pro": 6.080188751220703,
  "celeb": 6.278461456298828,
  "season": 5.757809162139893,
  "resid": 1.1396256685256958
}