{
  "m1": {
    "r2": 0.6243652506599489,
    "rmse": 0.6128904819488525,
    "n_obs": 2249
  },
  "m2": {
    "r2_median": 0.6467823355649724,
    "r2_q05": 0.6442591081399032,
    "r2_q95": 0.6485620616263817,
    "n_k": 50
  },
  "m3": {
    "auc": 0.8751466164376001,
    "auc_q05": 0.874147641027764,
    "auc_q95": 0.876407431555997,
    "brier": 0.08427894115447998,
    "brier_q05": 0.08407492190599442,
    "brier_q95": 0.084562012180686,
    "eta_J": -0.6608433127403259,
    "eta_F": -0.5850544571876526
  }
}